﻿Authors,Title,Year,Source title,Volume,Issue,Art. No.,Page start,Page end,Page count,Cited by,DOI,Link,Document Type,Source,EID
"Cervera, M., Albert, M., Torres, V., Pelechano, V.","On the usefulness and ease of use of a model-driven Method Engineering approach",2015,"Information Systems","50",,,"36","50",,,10.1016/j.is.2015.01.006,"http://www.scopus.com/inward/record.url?eid=2-s2.0-84922553464&partnerID=40&md5=ed095085cb19838aa0e2e6fe1174273d",Article,Scopus,2-s2.0-84922553464
"Cervera, M., Albert, M., Torres, V., Pelechano, V.","The MOSKitt4ME approach: Providing process support in a method engineering context",2012,"Lecture Notes in Computer Science (including subseries Lecture Notes in Artificial Intelligence and Lecture Notes in Bioinformatics)","7532 LNCS",,,"228","241",,1,10.1007/978-3-642-34002-4_18,"http://www.scopus.com/inward/record.url?eid=2-s2.0-84868329938&partnerID=40&md5=556a4d47e3dab34dfa1f9b16d1d12747",Conference Paper,Scopus,2-s2.0-84868329938
"Cervera, M., Albert, M., Torres, V., Pelechano, V.","A model-driven approach for the design and implementation of software development methods",2012,"International Journal of Information System Modeling and Design","3","4",,"86","103",,2,10.4018/jismd.2012100105,"http://www.scopus.com/inward/record.url?eid=2-s2.0-84880566863&partnerID=40&md5=7a1f9f77455fb8c88586c6856e655336",Conference Paper,Scopus,2-s2.0-84880566863
"Cervera, M., Albert, M., Torres, V., Pelechano, V.","Turning method engineering support into reality",2011,"IFIP Advances in Information and Communication Technology","351 AICT",,,"138","152",,,10.1007/978-3-642-19997-4_14,"http://www.scopus.com/inward/record.url?eid=2-s2.0-79953811888&partnerID=40&md5=9b25b9c29355a880571b7415340243f1",Conference Paper,Scopus,2-s2.0-79953811888
"Albert, M., Cabot, J., Gómez, C., Pelechano, V.","Generating operation specifications from UML class diagrams: A model transformation approach",2011,"Data and Knowledge Engineering","70","4",,"365","389",,10,10.1016/j.datak.2011.01.003,"http://www.scopus.com/inward/record.url?eid=2-s2.0-79952190506&partnerID=40&md5=9ceea4641555cdafe65815fc0f0b7b7a",Article,Scopus,2-s2.0-79952190506
"Cervera, M., Albert, M., Torres, V., Pelechano, V.","A methodological framework and software infrastructure for the construction of software production methods",2010,"Lecture Notes in Computer Science (including subseries Lecture Notes in Artificial Intelligence and Lecture Notes in Bioinformatics)","6195 LNCS",,,"112","125",,4,10.1007/978-3-642-14347-2_11,"http://www.scopus.com/inward/record.url?eid=2-s2.0-77955450190&partnerID=40&md5=31d03e70ec82f61e1fe18bb493e4be72",Conference Paper,Scopus,2-s2.0-77955450190
"Albert, M., Cabot, J., Gómez, C., Pelechano, V.","Automatic generation of basic behavior schemas from UML class diagrams",2010,"Software and Systems Modeling","9","1",,"47","67",,3,10.1007/s10270-008-0108-x,"http://www.scopus.com/inward/record.url?eid=2-s2.0-72549083408&partnerID=40&md5=1e84f5f534080cb2824bef8b98e27cc6",Article,Scopus,2-s2.0-72549083408
"Albert, M., Allery, C., Freiss, N., L'Azou, G., Moreau, A., Piron, J., Ribaud, V., Saliou, Ph.","Resources annotation, retrieval and presentation: A semantic annotation management system",2008,"5th International Conference on Soft Computing as Transdisciplinary Science and Technology, CSTST '08 - Proceedings",,,,"303","309",,,10.1145/1456223.1456287,"http://www.scopus.com/inward/record.url?eid=2-s2.0-77951566137&partnerID=40&md5=1db13e8d4acb1f2a29cdc0af9493b579",Conference Paper,Scopus,2-s2.0-77951566137
"Giner, P., Albert, M., Pelechano, V.","Physical-virtual connection in ubiquitous Business Processes",2008,"ICEIS 2008 - Proceedings of the 10th International Conference on Enterprise Information Systems","2 ISAS",,,"266","271",,1,,"http://www.scopus.com/inward/record.url?eid=2-s2.0-55849111596&partnerID=40&md5=154771254a2e36e8fcbfd262c5fb564d",Conference Paper,Scopus,2-s2.0-55849111596
"Albert, M., Muñoz, J., Pelechano, V., Pastor, Ó.","Model to text transformation in practice: Generating code from rich associations specifications",2006,"Lecture Notes in Computer Science (including subseries Lecture Notes in Artificial Intelligence and Lecture Notes in Bioinformatics)","4231 LNCS",,,"63","72",,3,,"http://www.scopus.com/inward/record.url?eid=2-s2.0-33845189683&partnerID=40&md5=e4268dbfd641304e61a8a7cd01555803",Conference Paper,Scopus,2-s2.0-33845189683
"Albert, M., Ruiz, M., Muñoz, J., Pelechano, V.","A framework based on design patterns: Implementing UML association, aggregation and composition relationships in the context of model-driven code generation",2006,"Object-Oriented Design Knowledge: Principles, Heuristics and Best Practices",,,,"56","104",,,10.4018/978-1-59140-896-3.ch004,"http://www.scopus.com/inward/record.url?eid=2-s2.0-84899179017&partnerID=40&md5=0352dfd0acb154cbaeca7c9521091230",Book Chapter,Scopus,2-s2.0-84899179017
"Pelechano, V., Albert, M., Munoz, J., Cetina, C.","Building tools for model driven development. Comparing microsoft DSL tools and eclipse modeling plug-ins",2006,"CEUR Workshop Proceedings","227",,,"","",12,,,"http://www.scopus.com/inward/record.url?eid=2-s2.0-84876162377&partnerID=40&md5=8454d2e8a55c5c3e9ec3785a502b1fd1",Conference Paper,Scopus,2-s2.0-84876162377
"Espin, R., Hernández, M., Albert, M.E., Marx, J., Lecich, M.I.","Logical management tools: Strategic oriented fuzzy systems",2005,"Proceedings - 4th Conference of the European Society for Fuzzy Logic and Technology and 11th French Days on Fuzzy Logic and Applications, EUSFLAT-LFA 2005 Joint Conference",,,,"130","135",,,,"http://www.scopus.com/inward/record.url?eid=2-s2.0-84871941093&partnerID=40&md5=d2740ee74b967aa8a1e836e2859b29a1",Conference Paper,Scopus,2-s2.0-84871941093
"Pelechano, V., Fons, J., Albert, M., Pastor, Ó.","Developing web applications from conceptual models. A Web services approach",2003,"Lecture Notes in Computer Science (including subseries Lecture Notes in Artificial Intelligence and Lecture Notes in Bioinformatics)","2814",,,"40","51",,,,"http://www.scopus.com/inward/record.url?eid=2-s2.0-0142156633&partnerID=40&md5=608a9d2b879747139f3c616c8f666177",Article,Scopus,2-s2.0-0142156633
"Fons, J., Pelechano, V., Albert, M., Pastor, Ó.","Development of web applications from web enhanced conceptual schemas",2003,"Lecture Notes in Computer Science (including subseries Lecture Notes in Artificial Intelligence and Lecture Notes in Bioinformatics)","2813",,,"232","245",,21,,"http://www.scopus.com/inward/record.url?eid=2-s2.0-0142157004&partnerID=40&md5=6a163ebcf6adcc4ec79221acafe4fce3",Article,Scopus,2-s2.0-0142157004
"Albert, M., Pelechano, V., Fons, J., Ruiz, M., Pastor, O.","Implementing UML association, aggregation, and composition. A particular interpretation based on a multidimensional framework",2003,"Lecture Notes in Computer Science (including subseries Lecture Notes in Artificial Intelligence and Lecture Notes in Bioinformatics)","2681",,,"143","158",,4,,"http://www.scopus.com/inward/record.url?eid=2-s2.0-34248387455&partnerID=40&md5=84085f02546b4a9a7ee415a0ef44f060",Article,Scopus,2-s2.0-34248387455
"Pelechano, V., Albert, M., Campos, E., Pastor, O.","Automating the code generation of role classes in OO conceptual schemas",2002,"ICEIS 2002 - Proceedings of the 4th International Conference on Enterprise Information Systems","2",,,"658","666",,,,"http://www.scopus.com/inward/record.url?eid=2-s2.0-84908867200&partnerID=40&md5=92c430342b5b9a54a00f1a9d53659d39",Conference Paper,Scopus,2-s2.0-84908867200
