﻿Authors,Title,Year,Source title,Volume,Issue,Art. No.,Page start,Page end,Page count,Cited by,DOI,Link,Document Type,Source,EID
"Elorriaga, J.A., Arruarte, A., Calvo, I., Larrañaga, M., Rueda, U., Herrán, E.","Collaborative concept mapping activities in a classroom scenario",2013,"Behaviour and Information Technology","32","12",,"1292","1304",,,10.1080/0144929X.2011.632649,"http://www.scopus.com/inward/record.url?eid=2-s2.0-84888587213&partnerID=40&md5=684ca3ad1e509e21858bcdd2fd5a2107",Article,Scopus,2-s2.0-84888587213
"Arruarte, A., Elorriaga, J.A., Calvo, I., Larrañaga, M., Rueda, U.","Computer-based concept maps for enabling multilingual education in computer science: A Basque, English and Spanish languages case",2012,"Australasian Journal of Educational Technology","28","5",,"793","808",,3,,"http://www.scopus.com/inward/record.url?eid=2-s2.0-84865567693&partnerID=40&md5=dc968395b988559acde41dba837a3619",Article,Scopus,2-s2.0-84865567693
"Rueda, U., Calvo, I., Arruarte, A., Elorriaga, J.A.","Analysis and comparison of open student models [Análisis y Comparación de Modelos de Estudiante Abiertos]",2011,"Revista Iberoamericana de Tecnologias del Aprendizaje","6","1",,"19","27",,,,"http://www.scopus.com/inward/record.url?eid=2-s2.0-79954621854&partnerID=40&md5=14642b8f4b8ddbc152b90cc1e3168f00",Article,Scopus,2-s2.0-79954621854
"Ortiz De Arri, S., Retegi, M., Calvo, I., Arruarte, A., Elorriaga, J.A., Larrañaga, M., Rueda, U.","Increasing motivation in a multicultural learning setting",2010,"Proceedings - 10th IEEE International Conference on Advanced Learning Technologies, ICALT 2010",,, 5571383,"370","372",,,10.1109/ICALT.2010.105,"http://www.scopus.com/inward/record.url?eid=2-s2.0-78049297050&partnerID=40&md5=47b8d284956aff9061b28427623376f3",Conference Paper,Scopus,2-s2.0-78049297050
"Rueda, U., Arruarte, A., Elorriaga, J.A.","From scalable Concept Maps to scalable Open Student Models",2009,"Proceedings of the 17th International Conference on Computers in Education, ICCE 2009",,,,"816","823",,,,"http://www.scopus.com/inward/record.url?eid=2-s2.0-84857090713&partnerID=40&md5=220c9c665427b311a445e994d2ac5d50",Conference Paper,Scopus,2-s2.0-84857090713
"Calvo, I., Rueda, U., Elorriaga, J.A., Arruarte, A., Larrañaga, M.","Idea Map Editor: A tool for promoting reflection in the act of learning",2009,"Proceedings - 2009 9th IEEE International Conference on Advanced Learning Technologies, ICALT 2009",,, 5194250,"361","363",,,10.1109/ICALT.2009.44,"http://www.scopus.com/inward/record.url?eid=2-s2.0-70449372993&partnerID=40&md5=3f315355faa597e8f439dddf934fdd91",Conference Paper,Scopus,2-s2.0-70449372993
"Rueda, U., Arruarte, A., Elorriaga, J.A., Herrán, E.","Learning the attachment theory with the CM-ED concept map editor",2009,"Computers and Education","52","2",,"460","469",,5,10.1016/j.compedu.2008.09.015,"http://www.scopus.com/inward/record.url?eid=2-s2.0-57849107530&partnerID=40&md5=fcc30877773b02e7e82152421da3a627",Article,Scopus,2-s2.0-57849107530
"Arruarte, A., Rueda, U., Elorriaga, J.A.","Organizing the learning resources related to the subject introduction to Artificial Intelligence through Concept Maps",2008,"Proceedings - Frontiers in Education Conference, FIE",,, 4720484,"F1C17","F1C22",,2,10.1109/FIE.2008.4720484,"http://www.scopus.com/inward/record.url?eid=2-s2.0-78650758957&partnerID=40&md5=4acb7456d9308677b764aab7c305624d",Conference Paper,Scopus,2-s2.0-78650758957
"Rueda, U., Arruarte, A., Elorriaga, J.A., Herrán, E.","Evaluating a Concept Map Editor with non-technical students",2008,"Proceedings - The 8th IEEE International Conference on Advanced Learning Technologies, ICALT 2008",,, 4561723,"405","407",,2,10.1109/ICALT.2008.94,"http://www.scopus.com/inward/record.url?eid=2-s2.0-51849166497&partnerID=40&md5=57e0ef5828289ce503911e1d7bec6daf",Conference Paper,Scopus,2-s2.0-51849166497
"Larrañaga, M., Niebla, I., Rueda, U., Arruarte, A., Elorriaga, J.A.","Towards collaborative domain module authoring",2007,"Proceedings - The 7th IEEE International Conference on Advanced Learning Technologies, ICALT 2007",,, 4281165,"814","818",,3,10.1109/ICALT.2007.265,"http://www.scopus.com/inward/record.url?eid=2-s2.0-47649132733&partnerID=40&md5=613b4be246833ddbd7dc074ececfe8ff",Conference Paper,Scopus,2-s2.0-47649132733
"Arellano, C., Rueda, U., Niebla, I., Larrañaga, M., Arruarte, A., Elorriaga, J.A.","Elkar-CM: A multilingual collaborative concept map editor",2006,"Proceedings - Sixth International Conference on Advanced Learning Technologies, ICALT 2006","2006",, 1652478,"482","483",,2,,"http://www.scopus.com/inward/record.url?eid=2-s2.0-34247141512&partnerID=40&md5=a4fa6a9fec670e37fe3944b22e88dccf",Conference Paper,Scopus,2-s2.0-34247141512
"Rueda, U., Larrañaga, M., Arruarte, A., Elorriaga, J.A.","DynMap+: A concept mapping approach to visualize group student models",2006,"Lecture Notes in Computer Science (including subseries Lecture Notes in Artificial Intelligence and Lecture Notes in Bioinformatics)","4227 LNCS",,,"383","397",,1,,"http://www.scopus.com/inward/record.url?eid=2-s2.0-33750540126&partnerID=40&md5=bfb905ee2c20f219bedccaf88ec9a5d5",Conference Paper,Scopus,2-s2.0-33750540126
"Kerejeta, M., Larrañaga, M., Rueda, U., Arruarte, A., Elorriaga, J.A.","TOKA: A computer assisted assessment tool integrated in a real use context",2005,"Proceedings - 5th IEEE International Conference on Advanced Learning Technologies, ICALT 2005","2005",, 1508836,"848","852",,2,10.1109/ICALT.2005.286,"http://www.scopus.com/inward/record.url?eid=2-s2.0-33746352189&partnerID=40&md5=1a457fe594671e686ffbba616568ede0",Conference Paper,Scopus,2-s2.0-33746352189
"Igoa, X., Rueda, U., Larrañaga, M., Arruarte, A., Elorriaga, J.A.","IkaStat: A tool for managing and inspecting student's academic marks",2004,"Proceedings - IEEE International Conference on Advanced Learning Technologies, ICALT 2004",,,,"726","728",,,10.1109/ICALT.2004.1357637,"http://www.scopus.com/inward/record.url?eid=2-s2.0-13244273587&partnerID=40&md5=1b7d28ff5c58e4ce526d2b277d0a3462",Conference Paper,Scopus,2-s2.0-13244273587
"Rueda, U., Larrañaga, M., Arruarte, A., Elorriaga, J.A.","Concept map based group modelling in learning activities [Modelado de Grupos en Actividades de Aprendizaje Basado en Mapas Conceptuales]",2004,"Inteligencia Artificial","8","24",,"131","140+10",,1,,"http://www.scopus.com/inward/record.url?eid=2-s2.0-19744380934&partnerID=40&md5=48071ba2f69c100ae512c9268d9e8df0",Conference Paper,Scopus,2-s2.0-19744380934
"Larranaga, M., Rueda, U., Elorriaga, J.A., Arruarte, A.","Acquisition of the Domain Structure from Document Indexes Using Heuristic Reasoning",2004,"Lecture Notes in Computer Science (including subseries Lecture Notes in Artificial Intelligence and Lecture Notes in Bioinformatics)","3220",,,"175","186",,3,,"http://www.scopus.com/inward/record.url?eid=2-s2.0-35048813071&partnerID=40&md5=4c3c5880e0ace53d00bfc192319b5d31",Article,Scopus,2-s2.0-35048813071
"Rueda, U., Larranaga, M., Elorriaga, J.A., Arruarte, A.","Validating DynMap as a Mechanism to Visualize the Student's Evolution through the Learning Process",2004,"Lecture Notes in Computer Science (including subseries Lecture Notes in Artificial Intelligence and Lecture Notes in Bioinformatics)","3220",,,"864","866",,2,,"http://www.scopus.com/inward/record.url?eid=2-s2.0-35048885582&partnerID=40&md5=0c91cce1abf86bb69443663a18bb6b39",Article,Scopus,2-s2.0-35048885582
"Larranaga, M., Rueda, U., Elorriaga, J.A., Arruarte, A.","A multilingual concept mapping tool for a diverse world",2003,"Proceedings - 3rd IEEE International Conference on Advanced Learning Technologies, ICALT 2003",,, 1215025,"52","56",,6,10.1109/ICALT.2003.1215025,"http://www.scopus.com/inward/record.url?eid=2-s2.0-33749062817&partnerID=40&md5=338ef44f11e29e88e8ec9d2707b9892c",Conference Paper,Scopus,2-s2.0-33749062817
"Arruarte, A., Elorriaga, J.A., Rueda, U.","A template-based concept mapping tool for computer-aided learning",2001,"Proceedings - IEEE International Conference on Advanced Learning Technologies, ICALT 2001",,, 943931,"309","312",,2,10.1109/ICALT.2001.943931,"http://www.scopus.com/inward/record.url?eid=2-s2.0-22944432708&partnerID=40&md5=8e5704f87ed565e44fe3eef710ed0331",Conference Paper,Scopus,2-s2.0-22944432708
